algo,n,m,v,mean,median,std,len
0,0,0,128,384.9512145233651,384.6810325048864,0.8636515448554611,30
0,2,8,64,402.5519388106962,402.6302578859031,0.5043640423666247,30
0,2,16,64,364.090997663637,364.0738087706268,0.46549016028443874,30
0,2,32,64,342.81282604982454,342.8779551759362,0.5972441321016535,30
0,2,8,128,377.10943159957725,377.3122103884816,0.9450547130882927,30
0,2,16,128,342.96785142893594,342.8727830760181,0.385999831165425,30
0,2,32,128,332.3286456055939,332.29704899713397,0.46219693241884907,30
